sub_1,sub_2,sub_3,sub_4,sub_5,sub_6,sub_7,sub_8,sub_9,sub_10,sub_11
0.663310320249593,1.42153384099947,1.95629088800069,2.78602770799989,0.912762363556895,NaN,0.520661185000108,1.22601459349971,1.31877092888923,0.619001567250052,0.491336813333166
0.898451646000467,3.24117947999912,0.516564309000387,0.702923126499627,0.62263639449975,0.99418485800561,NaN,1.10610555499989,0.629348094999841,0.56423888900099,0.579502768000566
1.09284963799837,0.763295551500505,1.44401182399997,0.848580620888849,0.767660337332927,2.41304914400098,0.548318134221821,1.3931686270007,0.884651568999857,1.73854324699823,0.892772120889074
0.792570005000471,0.809888611998758,0.972560673999851,1.34863935649992,2.61501574799331,0.554256226500002,0.3768496280004,NaN,NaN,0.923352897000768,1.95779814599882
1.4818450290004,0.72523380174971,1.06173354000202,NaN,1.28660253800263,6.42050959999324,0.849974988889193,4.81757037198986,2.22180997022264,3.27529580400005,1.34335479500032
1.31214278449988,NaN,NaN,1.00302332399951,2.96941831399818,NaN,NaN,2.007687876001,NaN,1.03275613000005,NaN
0.973857756750249,1.22525732622307,NaN,3.41552478599988,1.23133449149918,NaN,0.568957180750203,0.890534488000816,NaN,1.10158308933347,1.34522015500033
0.957522868000524,2.24827214000106,NaN,NaN,1.03596301950165,NaN,1.93327367400161,2.81927035000263,0.985542377999536,1.43537768600072,1.55730399999993
