sub_1,sub_2,sub_3,sub_4,sub_5,sub_6,sub_7,sub_8,sub_9,sub_10,sub_11
0.519990974583076,0.571415528131905,0.919398504099346,0.653056584666615,0.70820467225,0.771678455917026,0.513317557916707,0.628028825833402,0.673077468495746,0.599545144999714,1.11192428786787
0.594506320166753,0.537136389322332,0.799490042333067,1.07512524174994,0.712510493250193,0.677102517421513,0.414704217333186,0.659878883249197,0.586826741499976,0.539022592999875,0.624530022000063
0.537935384925626,0.577085742166673,0.94919409633341,0.890439337289378,0.669637923166798,0.818196153521133,0.578313637916646,0.670542354750675,0.984940138679958,0.593017895333257,0.736560896666977
0.655102046519787,0.627376872749816,0.784941110181655,0.859995086666781,0.707891058000162,1.04522415170343,0.550461154016751,0.593810368000959,0.984650451259195,0.642069646313848,0.719120933759987
