sub_1,sub_2,sub_3,sub_4,sub_5,sub_6,sub_7,sub_8,sub_9,sub_10,sub_11
0.897480479000478,0.710274146500524,0.971329744000286,0.650436473999889,0.48732402549922,1.40665907149923,0.769726622500002,1.00319042900082,Inf,2.34714305600028,0.770435891500028
1.38127345850012,2.96317406799972,1.74053164533355,1.37819739874942,1.24648154499967,1.78009610100162,0.86891890600009,1.55641123266711,0.720923445999915,0.668376103500123,Inf
2.54774993699903,1.30254804600008,0.569132233000346,0.89879995249953,0.902735277500142,1.07496003400047,0.433664459500051,2.86785442199835,0.579847866500131,1.38863403299911,4.10617434700089
0.924561568250056,1.78494858133369,0.818045281749164,6.15419198899872,1.45705004866674,1.26276368866699,0.519239606749807,3.58584658399923,1.44421237625011,2.3197086729997,0.626477930750298
0.846762654000486,0.519890854498954,2.27007414099899,1.57832359599888,1.88509316999989,0.352026495502287,0.617399500000374,4.28038043899869,0.7813878904999,1.07238909099942,5.93365347599956
1.10044718099986,4.99120373400001,Inf,2.26629476799963,Inf,Inf,1.11235054933286,1.12863794433482,3.98234413649993,Inf,Inf
0.965694150999752,2.4004832089995,2.07614674700017,0.563698880000004,2.61494453799969,Inf,Inf,1.15086542999961,Inf,0.615098537999984,1.90853255100046
0.817731046500057,1.18973085200196,3.59721707200151,3.30248946399956,1.7837984834996,1.39226599133569,3.50612652000018,1.9246618190009,3.3653281134998,0.766042080749685,1.54293414033365
