sub_1,sub_2,sub_3,sub_4,sub_5,sub_6,sub_7,sub_8,sub_9,sub_10,sub_11
1.42460804399998,1.44509613375044,1.14599896199919,5.41230610799903,1.83086783399926,1.65802156200334,1.01022083400009,5.40278919599587,4.03464924299942,2.08517264212423,0.832415887920033
1.0953191918401,0.666356883333113,0.704028751166334,1.34885297549886,1.10732497632009,0.717186540749026,0.600098165280215,3.2033009020015,2.40044922637509,1.88191095037496,0.659780759520108
2.1984668729998,2.73919549200218,4.27484396850195,1.0053523833329,8.94990728400444,4.10055118349737,1.54648861049964,2.12137067533331,4.33578017399971,1.67676237375099,0.9196389408757
0.855633815759938,1.00054210631875,0.685704232499878,1.34958290512498,0.841278184666407,1.62418400249817,1.01767381133353,1.50529664699752,1.1888664818398,0.959272464480746,0.716966690640438
1.26939787727992,1.21330358066552,0.93544051050003,0.913921800000007,0.618100095167089,1.44606461591815,0.676963832399815,0.943053804749979,0.854078889833393,0.685283321667157,1.01979117000064
1.37599950215954,1.9820974560007,6.2280800400008,2.93781641466679,1.91593335449761,NaN,1.55265779933355,4.21501976466728,2.37542564088028,1.41952639649912,4.11725464200936
0.880649052667347,1.27828790639978,0.933595106001424,3.72134500199968,0.866145564718754,1.95927529800004,0.728674582833264,3.60569618999943,1.3390193375003,1.00542636551967,3.40343112900018
0.931630122239803,1.22069538412575,0.825843532320141,0.982421639249623,0.777539511600626,4.08236899349686,0.803306808833364,1.4661769897516,1.29781248733313,0.763251457500398,0.784929796874906
