sub_1,sub_2,sub_3,sub_4,sub_5,sub_6,sub_7,sub_8,sub_9,sub_10,sub_11
0.520364421916914,0.946537099800298,0.727748583999907,0.860634339083513,0.824139269833419,0.612081596166718,0.47561188625006,0.646768076834026,0.61043227791663,0.723601939909217,0.838147031818277
0.529857210750227,0.604277436416851,0.937932815083514,1.31711027000014,0.652553092666949,0.645779286583396,0.559160108833529,0.892821688416007,0.674914883583369,0.676277432416858,0.64443176300016
0.919807335666721,0.545260204583125,0.528185473166862,0.99029867681826,0.707400933833772,0.663970335000076,0.491251203999961,0.777627430583076,1.10961511500011,0.63333978616644,0.826967842083415
0.55182381383338,0.54919872641661,0.730603694199726,1.04451057166672,0.84863174883291,1.86953827300067,1.07496823420011,0.708739879417256,0.94568736210008,0.687569393416046,0.801448880909323
