sub_1,sub_2,sub_3,sub_4,sub_5,sub_6,sub_7,sub_8,sub_9,sub_10,sub_11
1.02164648448052,0.95532258787307,1.25166137099995,2.10475446149826,1.54168993866794,NaN,0.925696312559921,4.81886524649963,3.39628983866684,0.960135302879935,0.969458204250031
1.44269553450022,1.16952394535998,0.835923204833762,1.10954988750018,1.75690587399974,1.20445928212757,0.774184872374974,1.34112871999969,2.84856326800036,1.15505068367856,1.16132993662501
0.917790861833358,1.03015066762464,NaN,2.07291692799936,2.51672350950503,8.41759831199306,0.80823646333359,1.13429040112305,4.25919514600052,1.15358700792145,2.17946369399988
0.994199166833217,1.00248237575957,0.85362094462505,1.80279677250087,1.50482382266515,0.65038816775952,0.535133516500044,0.772085951037879,0.781490859500157,1.95741015600038,1.31785553437467
0.705293604500033,0.853580006161064,1.11637517137467,0.676350163679745,1.58679723449904,0.990363527666583,0.80354444849983,0.652754956166367,0.90650877566668,0.839562116833198,1.74506353933324
1.04602840966678,1.29328499866824,6.41265293399738,0.89082392735987,2.08306717133261,NaN,1.04424277762541,1.24427571337446,3.12179893733264,1.36365571733404,NaN
0.946494364499813,1.76084420174857,1.16056837399992,4.63533533849886,1.13382483480033,2.81150524866583,0.700031503333207,2.20544600666714,2.05373812344022,0.766947465839912,4.13153852800012
0.450354351833539,1.07304459787247,0.687073840833515,1.01252310450005,0.762465406999885,0.989844874080154,0.971173736880082,1.03876385116685,1.17689727384011,0.670654970833918,1.17397934159992
