sub_1,sub_2,sub_3,sub_4,sub_5,sub_6,sub_7,sub_8,sub_9,sub_10,sub_11
0.450354351833539,1.5181599009984,0.687073840833515,1.43266756974975,0.762465406999885,1.0598781050001,0.949874444800116,1.03876385116685,1.46797091480012,0.670654970833918,1.13898032439993
0.705293604500033,0.887994066601095,1.57388736699977,0.720156341399888,1.51033646374981,0.990363527666583,0.80354444849983,0.652754956166367,0.90650877566668,0.839562116833198,1.88343197999969
0.994199166833217,0.973433328799729,0.870295005749767,3.0750713740008,2.63815010966512,0.676386687999911,0.535133516500044,0.919708207197982,0.781490859500157,1.87479669750019,1.8566986972495
3.06086650249927,1.11326248920013,0.835923204833762,1.10954988750018,1.75125716599966,1.23888299125156,1.2702917657499,2.20522980533375,2.64619765599976,1.10476123179869,1.26374999600012
1.07717785380064,1.15278479874905,2.68193037099945,3.01528774299959,1.7507942926671,Inf,0.893312630799755,3.33979115450165,3.32170382599998,0.997393707400261,1.45338607050007
0.917790861833358,1.23036526549959,Inf,2.25819246199944,2.92307343000175,6.56158774499636,2.00381572833354,1.21537941424867,4.2768387256671,1.10102517880114,3.89930717650032
1.04602840966678,1.50194240633391,4.99766099099998,0.984339928399868,1.94792221499908,Inf,1.1740889285004,1.39034306299982,3.52559725899952,2.32083460100027,Inf
0.946494364499813,1.71768296149912,1.81801592299992,3.80922094999914,1.14765569300071,2.24299165966659,0.700031503333207,2.10431901199991,1.99690254320008,0.75413747019993,2.9720610330002
