sub_1,sub_2,sub_3,sub_4,sub_5,sub_6,sub_7,sub_8,sub_9,sub_10,sub_11
0.519990974583076,0.595863036727017,0.879324419636677,0.653056584666615,0.70820467225,0.771678455917026,0.513317557916707,0.628028825833402,0.938783371272621,0.599545144999714,1.20653425818194
0.594506320166753,0.544683693363616,0.799490042333067,1.07512524174994,0.712510493250193,0.690405121000037,0.414704217333186,0.659878883249197,0.586826741499976,0.539022592999875,0.624530022000063
0.597186749363655,0.577085742166673,0.94919409633341,0.886039227181961,0.669637923166798,0.838325257182243,0.578313637916646,0.670542354750675,1.37045094530004,0.593017895333257,0.736560896666977
0.710576625099839,0.627376872749816,0.774587357090736,0.859995086666781,0.707891058000162,1.49774873011079,0.55016477009109,0.593810368000959,1.21188772777775,0.634355304181802,0.739907542800029
