sub_1,sub_2,sub_3,sub_4,sub_5,sub_6,sub_7,sub_8,sub_9,sub_10,sub_11
0.520364421916914,0.767195060640297,0.727748583999907,0.860634339083513,0.824139269833419,0.612081596166718,0.47561188625006,0.646768076834026,0.61043227791663,0.742222640033203,0.794785652925722
0.529857210750227,0.604277436416851,0.937932815083514,1.0304275922976,0.652553092666949,0.645779286583396,0.559160108833529,0.892821688416007,0.674914883583369,0.676277432416858,0.639446749487772
0.767467087852074,0.545260204583125,0.528185473166862,0.88553469143807,0.707400933833772,0.668091107107418,0.491251203999961,0.777627430583076,1.10961511500011,0.63333978616644,0.826967842083415
0.55182381383338,0.54919872641661,0.756231913439806,1.04451057166672,0.84863174883291,1.52972477156345,0.806336915280171,0.708739879417256,0.803739958560091,0.687569393416046,0.81379929183493
