sub_1,sub_2,sub_3,sub_4,sub_5,sub_6,sub_7,sub_8,sub_9,sub_10,sub_11
0.923274213399964,1.78329858675124,0.80813407980022,1.61649676699966,0.848685018600736,3.21104699450007,0.803306808833364,1.8879725527504,2.8182002489998,0.763251457500398,1.58311913150021
1.28359215739983,1.62242217700077,0.93544051050003,0.935143781200213,0.618100095167089,1.61972543059819,0.745283063399893,1.23839285800113,0.854078889833393,0.685283321667157,2.29566865566706
1.22507231740019,0.993262468398461,0.685704232499878,1.4569819740002,0.841278184666407,1.46779438774865,1.01767381133353,2.84869763249844,1.33723272539974,1.03769538940032,0.69873086300031
1.18139154220007,0.666356883333113,0.704028751166334,2.78548424599921,1.12472116640056,0.738014456498604,0.75956864660011,3.27074566300022,2.79459170200005,1.78429052374895,0.710840192399974
1.47371478439982,1.65659653175089,1.61193302799984,10.7698851909998,1.93734688799896,2.04471923799974,1.97718883666645,3.88811395399898,4.94877635299963,2.40078762474923,0.874216315600006
2.08442484774991,2.68135504900238,3.57650188150001,2.26921227133289,6.26120366499526,3.46401743899878,2.12976753849875,3.22962784833241,3.89753733033285,1.97170726850118,1.67030670900056
1.3734238209996,2.17114604650033,4.58292042599942,3.691186958667,2.86200336900038,Inf,1.75205584933322,2.97573911700177,2.30536802380011,1.36308967974946,5.84839185400233
0.880649052667347,1.22149949420018,2.04231526066754,7.34139358699997,0.902899647998856,2.22255311566672,0.728674582833264,3.74927896200097,1.3390193375003,1.19834612039958,3.558118732499
