sub_1,sub_2,sub_3,sub_4,sub_5,sub_6,sub_7,sub_8,sub_9,sub_10,sub_11
0.776358435199836,0.813796922750498,0.688202943600118,0.654947759499748,0.647949593000521,1.36078966449895,0.803306808833364,0.977451326501068,0.648906243666564,0.763251457500398,0.523286531249937
1.05783156439993,0.606651790332762,0.93544051050003,0.761601500000006,0.618100095167089,1.20505384659846,0.564136526999846,0.628702536499986,0.854078889833393,0.685283321667157,0.509895585000322
0.713028179799949,0.833785088598961,0.685704232499878,0.899721936749984,0.841278184666407,1.08278933499878,1.01767381133353,0.501765548999174,0.99072206819983,0.799393720400622,0.597472242200365
0.912765993200082,0.666356883333113,0.704028751166334,0.449617658499619,0.922770813600073,0.478124360499351,0.500081804400179,1.60165045100075,1.60029948425006,1.25460730024997,0.54981729960009
1.18717336999998,0.963397422500293,0.572999480999594,0.902051017999838,1.22057855599951,0.552673854001114,0.505110417000045,1.80092973199862,1.34488308099981,1.39011509474949,0.693679906600028
1.46564458199987,0.913065164000727,1.42494798950065,0.502676191666448,1.49165121400074,1.36685039449912,0.515496203499879,1.06068533766665,2.16789008699986,1.11784158250066,0.613092627250467
1.14666625179962,0.660699152000234,2.07602668000027,1.46890820733339,0.638644451499204,NaN,0.776328899666775,2.10750988233364,1.97952136740023,0.946350930999415,0.686209107001559
0.880649052667347,1.06523992199982,0.466797553000712,0.620224166999947,0.721787970598962,0.979637649000021,0.728674582833264,1.20189872999981,1.3390193375003,0.837855304599725,1.13447704300006
