sub_1,sub_2,sub_3,sub_4,sub_5,sub_6,sub_7,sub_8,sub_9,sub_10,sub_11
0.85137207040043,0.636881725248713,0.417220456999985,0.70158482049942,0.770844969333969,NaN,0.771413593799934,1.60628841549988,1.69814491933342,0.800112752399946,0.646305469500021
0.480898511500072,0.974603287799982,0.835923204833762,1.10954988750018,0.878452936999868,0.802972854751715,0.516123248249983,0.670564359999844,1.42428163400018,0.962542236398804,0.774219957750006
0.917790861833358,0.686767111749759,NaN,1.03645846399968,0.838907836501676,1.40293305199884,0.404118231666795,0.756193600748702,2.12959757300026,0.961322506601209,0.726487897999959
0.994199166833217,0.835401979799644,0.569080629750033,0.60093225750029,0.752411911332577,0.5419901397996,0.535133516500044,0.643404959198233,0.781490859500157,1.30494010400025,0.878570356249782
0.705293604500033,0.711316671800887,0.74425011424978,0.563625136399787,1.05786482299936,0.990363527666583,0.80354444849983,0.652754956166367,0.90650877566668,0.839562116833198,0.872531769666618
1.04602840966678,0.646642499334121,1.06877548899956,0.742353272799892,1.04153358566631,NaN,0.696161851750276,0.829517142249642,1.56089946866632,0.68182785866702,NaN
0.946494364499813,1.17389613449905,0.580284186999961,1.54511177949962,0.944854029000271,1.40575262433291,0.700031503333207,1.10272300333357,1.71144843620018,0.639122888199927,2.06576926400006
0.450354351833539,0.715363065248312,0.687073840833515,0.675015403000032,0.762465406999885,0.824870728400128,0.809311447400069,1.03876385116685,0.980747728200095,0.670654970833918,0.97831611799993
