sub_1,sub_2,sub_3,sub_4,sub_5,sub_6,sub_7,sub_8,sub_9,sub_10,sub_11
0.519990974583076,0.523797567454246,0.842781962091067,0.653056584666615,0.70820467225,0.771678455917026,0.513317557916707,0.628028825833402,0.616987679454434,0.599545144999714,1.01926393054555
0.594506320166753,0.492375023545471,0.799490042333067,1.07512524174994,0.712510493250193,0.620677307636387,0.414704217333186,0.659878883249197,0.586826741499976,0.539022592999875,0.624530022000063
0.493107436181824,0.577085742166673,0.94919409633341,0.81623605918193,0.669637923166798,0.750013140727705,0.578313637916646,0.670542354750675,0.820783448899965,0.593017895333257,0.736560896666977
0.545918372099823,0.627376872749816,0.719529350999851,0.859995086666781,0.707891058000162,0.783918113777569,0.504589391182022,0.593810368000959,0.738487838444396,0.58856384245436,0.599267444799989
